Model,R²,MAE,RMSE,MAPE,Median_AE,Max_Error
Linear Regression,0.9549773988680499,715.5427874944459,918.1032125305845,3.1351051549928046,598.8870064952134,2921.148732709764
Random Forest,0.9851997957448908,415.4132371272891,526.392957634335,1.7836507087028732,350.67660714522754,2163.3758382344968
XGBoost,0.9868617364735819,393.27708432904114,495.9583428567956,1.6908230357193292,342.56122703759684,2953.6779528415864
Support Vector Regression,0.8406087780423197,1077.6857964644694,1727.4616548669799,4.72102532728463,635.0833536108894,9362.612006982847
Gradient Boosting,0.9887671658960843,371.9564837006831,458.5861015364744,1.5987216478578634,343.02601062976646,1684.5190481617974
